vendor_slug,quarter,revenue_usd,net_income_usd,current_assets_usd,current_liabilities_usd
nimbus-analytics,2025Q3,4200000,610000,3900000,1400000
nimbus-analytics,2025Q4,4650000,700000,4300000,1500000
nimbus-analytics,2026Q1,5100000,790000,4800000,1600000
crimson-bridge-analytics,2025Q3,2100000,-380000,900000,1700000
crimson-bridge-analytics,2025Q4,1750000,-520000,700000,1900000
crimson-bridge-analytics,2026Q1,1400000,-610000,500000,2200000
helios-payroll,2025Q3,9800000,880000,7200000,5100000
helios-payroll,2025Q4,10400000,910000,7600000,5400000
helios-payroll,2026Q1,11200000,1020000,8100000,5600000
